original,translation_zh_tw,basis,needs_decision,records,note
Air Elemental,風元素,詞彙表,,1,
Alita,阿麗塔,對話譯文,,1,
Animated Statue,活動雕像,對話譯文,,1,
Announcer,主持人,詞彙表,,1,
Aposs,阿波斯,新擬,,1,
Arant,阿蘭特,詞彙表,,1,
Arant's Guard,阿蘭特衛兵,新擬,,1,
Arena Guard,競技場守衛,新擬,,2,
Armor Merchant,防具商人,新擬,,1,
Army Commander,軍隊指揮官,新擬,,1,
Babau,巴布魔,詞彙表,,2,
Balkazar,巴爾卡札,詞彙表,,1,
Balkazar's Image,巴爾卡札影,詞彙表,,1,使用者 2026-09-27 決定
Black Mastyrial,黑巨蠍獸,新擬,,1,依 Mastyrial＝巨蠍獸
Blind One,盲眼者,對話譯文,,2,
Blue Slaad,藍煞怪,詞彙表,,1,
Bowyer,弓匠,新擬,,1,
Bulette,怖怪,詞彙表,,1,
Caravan Guard,商隊守衛,新擬,,2,
Caravan Master,商隊首領,新擬,,1,
Castle Guard,城堡守衛,新擬,,1,
Cermak,,不翻,,2,入隊角色，不翻（使用者 2026-09-26）
Chaero,查耶羅,對話譯文,,1,
Chahl,查爾,對話譯文,,1,
Chaya,查雅,詞彙表,,1,
Cheee-smak-tunk!,琪斯瑪通克,詞彙表,,1,使用者 2026-09-27 決定；對話同改
Chief Daughter,首領之女,詞彙表,,1,
Churr-te-tunk!,楚爾特通克,詞彙表,,1,使用者 2026-09-26：拿掉連字號
Churrr,丘爾,詞彙表,,1,
Cilla,,不翻,,2,入隊角色，不翻（使用者 2026-09-26）
Click-tunk!,克利克通克,詞彙表,,1,使用者 2026-09-26：拿掉連字號
Convert,皈依者,新擬,,1,
Council Member,議會成員,新擬,,1,
Cragg,克拉格,詞彙表,,1,
Dag Prisoner,囚犯達格,新擬,,1,Dag's Dagger＝達格的匕首
Dagger,匕首,對話譯文,,1,幫派首領的名字
Daggoran,達戈蘭獸,詞彙表,,1,
Dagolar,達戈拉爾,詞彙表,,2,
Dagolar Guard,達戈拉爾衛,詞彙表,,1,「達戈拉爾守衛」6 字超過上限
Dagolar Slime,達戈軟泥怪,詞彙表,,2,詞彙表「達戈拉爾軟泥怪」7 字超過上限
Dakaren,達卡倫,詞彙表,,1,
Dark Spider,暗黑蜘蛛,詞彙表,,4,
Defiler,荒蕪術士,詞彙表,,2,
Delirious Man,神智錯亂者,新擬,,1,
Demothi,德莫西,詞彙表,,1,
Dinos,迪諾斯,對話譯文,,1,
Djinn,巨靈,詞彙表,,1,詞彙表 Genie＝巨靈
Drajian Guard,德拉吉守衛,新擬,,3,
Druid,德魯伊,詞彙表,,1,
Druid of Waters,水之德魯伊,新擬,,1,對應 Wind Druid＝風之德魯伊
Drummer,鼓手,對話譯文,,4,
Dune Reaper,沙丘收割者,詞彙表,,1,
Dust Devil,塵捲風,詞彙表,,1,生物；法術仍是「沙魔術」
Earth Elemental,土元素,詞彙表,,1,
Egrus,埃格魯斯,詞彙表,,1,
Elite Guard,精英守衛,新擬,,1,
Elven Leader,精靈首領,新擬,,1,
Evard's Tentacle,黑色觸角,詞彙表,,1,法術 Evard's Black Tentacles 召喚物，沿用法術名
Father Garyn,加林神父,詞彙表,,1,
Fire Eel,火鰻,詞彙表,,1,
Fire Elemental,火元素,詞彙表,,1,
First Folk,最初之民,新擬,,1,
Gerakis,,不翻,,2,入隊角色，不翻（使用者 2026-09-26）
Gilal,吉拉爾,詞彙表,,1,
Gladiator,角鬥士,詞彙表,,2,
Guard,守衛,詞彙表,,10,
Guardian,守護者,新擬,,1,
Hermit,隱士,新擬,,1,
Hototo,霍托托,詞彙表,,1,
Insect Swarm,蟲群,新擬,,1,
Jake,傑克,詞彙表,,1,
Jark,賈克,詞彙表,,1,
Jasmine,茉莉,詞彙表,,2,
K'ratchek,,不翻,,2,入隊角色，不翻（使用者 2026-09-26）
Kalinin,卡里寧,對話譯文,,1,
Karas,卡拉斯,詞彙表,,1,
Kasha,卡夏,詞彙表,,1,
Katura,卡圖拉,詞彙表,,1,
Kel,凱爾,詞彙表,,1,
Keldar,凱爾達,詞彙表,,1,
Krikor,克里科爾,詞彙表,,1,
Kurzak,庫爾扎克,詞彙表,,1,詞彙表另有「庫爾札克」；對話用「扎」
Larissa,拉麗莎,詞彙表,,1,
Laussa,勞莎,詞彙表,,1,
Lazy guard,懶散守衛,新擬,,1,
Legcrusher,碎腿者,詞彙表,,1,
Lesser Air Eleme,小型風元素,詞彙表,,1,依法術「召喚小型風元素」
Lesser Water Ele,小型水元素,詞彙表,,1,依法術「召喚小型水元素」
Linara,莉娜拉,詞彙表,,1,
Low Warren Thug,低巢暴徒,詞彙表,,1,對話用「低層巢穴的暴徒」，6 字以上放不下
Loweman,洛曼,詞彙表,,1,
Lsr Earth Elem,小型土元素,詞彙表,,1,依法術「召喚小型土元素」
Lsr Fire Elem,小型火元素,詞彙表,,1,依法術「召喚小型火元素」
Lt. Kwerin,奎林中尉,詞彙表,,1,詞彙表 Kwerin＝奎林
Magera,瑪格拉族,詞彙表,,3,使用者 2026-09-27 決定
Maris,馬里斯,對話譯文,,1,
Mastyrial,巨蠍獸,詞彙表,,1,
Mayor of Gedron,蓋德隆村長,新擬,,1,
Mehtar,梅赫塔,詞彙表,,1,
Melkor,梅爾科,詞彙表,,1,
Merzol,梅爾佐爾,詞彙表,,1,
Messenger,信使,新擬,,1,
Mikquetzl,米奎茲爾,詞彙表,,1,
Mirlon,米爾隆,詞彙表,,1,
Mountain Stalker,山脈追蹤者,詞彙表,,1,
Mow,莫奧,詞彙表,,1,
Nnamdi,恩南迪,詞彙表,,1,
Notaku,諾塔庫,詞彙表,,1,
Old One Eye,老獨眼,新擬,,1,
Otyugh,歐提約格怪,詞彙表,,1,
Outcast,流放者,對話譯文,,1,
Prisoner,囚犯,對話譯文,,2,
Psionicist,靈能師,詞彙表,,1,
Psurlon,蘇隆蟲人,詞彙表,,3,
Psurlon Adept,蘇隆術士,新擬,,1,「蘇隆蟲人術士」6 字超過上限
Rampager,狂暴獸,詞彙表,,1,
Ranger,遊俠,詞彙表,,1,
Red Slaad,紅煞怪,詞彙表,,1,
Renegade,叛徒,新擬,,1,
Rogue Shaman,叛逆薩滿,新擬,,1,
Sage,賢者,對話譯文,,1,
Sand Howler,沙嚎獸,詞彙表,,1,
Saria,莎莉亞,新擬,,2,
Scar,疤面,詞彙表,,1,
Scar's henchman,疤面手下,新擬,,1,
Screamer Beetle,尖叫甲蟲,詞彙表,,2,
Semyon,賽蒙,詞彙表,,1,
Seref,塞雷夫,詞彙表,,1,
Serf,農奴,新擬,,3,
Shadow,陰影,詞彙表,,3,對話「幽影」12、「陰影」9、「暗影」7
Shadow Guard,陰影守衛,新擬,,2,
Shadow King,陰影之王,詞彙表,,1,
Shadow Prince,陰影王子,新擬,,1,
Shadow Worker,陰影工人,新擬,,1,
Shaman Follower,薩滿追隨者,新擬,,1,
Silt Horror,淤泥巨怪,詞彙表,,1,
Silt Runner,泥奔者,對話譯文,,1,
Skull Elder,頭骨長老,詞彙表,,1,詞彙表 Skull Elders
Skull Guardian,頭骨守護者,詞彙表,,1,詞彙表 Guardians of the Skulls
Slave,奴隸,詞彙表,,13,
Slave Hunter,奴隸獵人,新擬,,2,
Slave Leaders,奴隸首領,新擬,,1,
Slaver Guard,奴隸主守衛,新擬,,2,
Slig,斯拉格人,詞彙表,,1,
Spider Mage,蜘蛛法師,新擬,,1,
Ssovan,索萬,詞彙表,,1,
Ssurran,蘇蘭蜥蜴人,詞彙表,,1,
Strine,斯翠恩蟲,詞彙表,,1,
Styr,斯泰爾獸,詞彙表,,1,
Tanelyv,泰內利夫,詞彙表,,1,
Tara,塔拉,對話譯文,,1,
Tara's Follower,塔拉信徒,對話譯文,,5,對話用「塔拉的信徒」
Tari,塔里鼠人,詞彙表,,3,
Templar,聖堂武士,詞彙表,,4,
Thrikreen,螳螂人,詞彙表,,2,
Tied-up Prisoner,被綁的囚犯,新擬,,1,
Tobrian,托布里安,詞彙表,,1,
Tohr-kreen,托爾螳螂人,詞彙表,,1,
Toonuu,圖努,詞彙表,,1,
Tribesman,部族民,對話譯文,,1,
Tristram,崔絲特蘭,詞彙表,,1,
Troop Leader,部隊隊長,新擬,,1,
Trustee,特權管事,詞彙表,,1,詞彙表 GPL-138 奴隸牢房的 Trustee；對話同
Tynan,泰南,詞彙表,,1,
Tyrian Slime,提爾軟泥怪,詞彙表,,1,
Undermt Folk,山下遺民,詞彙表,,1,
Uskuye,烏斯庫耶,詞彙表,,1,
Uzoma,烏佐馬,詞彙表,,1,
Village Hero,村莊英雄,新擬,,1,
Villager,村民,詞彙表,,6,
Visionary,預言者,詞彙表,,1,
Visitor,訪客,新擬,,6,
Vrock,弗洛魔,對話譯文,,1,
Wagon Guard,篷車守衛,新擬,,1,
Warren Chief,巢穴酋長,對話譯文,,1,
Warrior,戰士,新擬,,1,
Water Elemental,水元素,詞彙表,,1,
Weapon Merchant,武器商人,新擬,,1,
Wild Mul,野蠻穆爾人,對話譯文,,1,
Wind Druid,風之德魯伊,新擬,,1,
Worker,勞工,對話譯文,,2,
Worshipper,信徒,新擬,,2,
Wyrmias,威米亞斯,詞彙表,,1,
Wyvern,雙足飛龍,詞彙表,,2,
Wyvern Master,威弗恩大師,詞彙表,,1,使用者 2026-09-26：Wyvern 音譯以放進 5 字
Xorn,索恩石怪,詞彙表,,1,
Zeefram,齊弗蘭,詞彙表,,1,
Zombie,殭屍,詞彙表,,3,
